"Entity","NIF","Incorporation (t0)","Date of first intervention (t1)","Maximum Reported Investment (in t2)","Total FINOVA","N. Investors FINOVA","Total Increase in SC from 1st intervention (t1)","SC Final Intervention (in t2)","Total Increase SC (Inv)","NACE","Company not based in PT","Exit","Securities issued","Amount","Issuance date","Share Classes","N. Special Share Classes","Share nominal value","Number of shares","Percentage of special class shares","N. Investors (t2)","N. Investors (t2) Funds e Management Firms","N. Investors (t2) Other","Investors 1","Investors 2","Investors 3","Investors 4","Investors 5","Investors 6","Investors 7","Investors 8","Investors 9","Investors 10","Investors 11","Investors 12","Investors 13","Investors 14","Investors 15","Investors 16","Investors 17","Investors 18","Investors 19","Investors 20","Investors 21"
"COLLAB - SOLUCOES INFORMATICAS DE COMUNICACAO E COLABORACAO, S.A.","503476749","2006","2013","","0.00E+00","0.00E+00","1.13E+04","6.13E+04","1.13E+04","J - Information and communication","","","no records","0.00E+00","0","N","0.00E+00","1.00E+00","6.13E+04","0.00E+00","1.00E+00","1.00E+00","0.00E+00","FCR Novabase Capital","","","","","","","","","","","","","","","","","","","",""
"RADICAL INNOVATION, LDA","510693792","2013","2013","1.00E+06","1.00E+06","1.00E+00","1.00E+04","1.00E+04","8.00E+03","N - Administrative and support service activities","","","no records","0.00E+00","0","N - LLC","0.00E+00","N - LLC","0.00E+00","0.00E+00","1.00E+00","1.00E+00","0.00E+00","FCR Novabase Capital Inovacao e Internacionalizacao","","","","","","","","","","","","","","","","","","","",""
"BRIGHT INNOVATION, LDA","510343856","2012","2012","1.50E+06","1.50E+06","1.00E+00","2.50E+04","2.50E+04","2.25E+04","N - Administrative and support service activities","","","no records","0.00E+00","0","N - LLC","0.00E+00","N - LLC","0.00E+00","0.00E+00","1.00E+00","1.00E+00","0.00E+00","FCR Novabase Capital Inovacao e Internacionalizacao","","","","","","","","","","","","","","","","","","","",""
"POWER DATA, LDA","510731651","2013","2013","2.50E+05","2.50E+05","1.00E+00","1.00E+04","1.00E+04","8.00E+03","J - Information and communication","","","no records","0.00E+00","0","N - LLC","0.00E+00","N - LLC","0.00E+00","0.00E+00","2.00E+00","2.00E+00","0.00E+00","FCR Novabase Capital Inovacao e Internacionalizacao","FCR Novabase Capital","","","","","","","","","","","","","","","","","","",""
"POWERGRID, LDA","509766358","2011","2011","2.45E+06","2.45E+06","1.00E+00","4.50E+05","4.50E+05","4.00E+05","J - Information and communication","","","no records","0.00E+00","0","N - LLC","0.00E+00","N - LLC","0.00E+00","0.00E+00","1.00E+00","1.00E+00","0.00E+00","FCR Novabase Capital Inovacao e Internacionalizacao","","","","","","","","","","","","","","","","","","","",""
"SMARTGEO, SOLUTIONS, LDA","510465978","2012","2013","1.00E+05","1.00E+05","1.00E+00","5.00E+03","5.00E+03","4.50E+03","J - Information and communication","","","no records","0.00E+00","0","N - LLC","0.00E+00","N - LLC","0.00E+00","0.00E+00","1.00E+00","1.00E+00","0.00E+00","FCR Novabase Capital Inovacao e Internacionalizacao","","","","","","","","","","","","","","","","","","","",""
"CITY PULSE, LDA","513136444","2014","2014","2.50E+06","2.50E+06","1.00E+00","1.00E+05","1.00E+05","9.00E+04","J - Information and communication","","","no records","0.00E+00","0","N - LLC","0.00E+00","N - LLC","0.00E+00","0.00E+00","1.00E+00","1.00E+00","0.00E+00","FCR Novabase Capital Inovacao e Internacionalizacao","","","","","","","","","","","","","","","","","","","",""
"LIVIAN TECHNOLOGIES, LDA","513231412","2014","2014","2.50E+06","2.50E+06","1.00E+00","1.00E+04","1.00E+04","8.00E+03","J - Information and communication","","","no records","0.00E+00","0","N - LLC","0.00E+00","N - LLC","0.00E+00","0.00E+00","1.00E+00","1.00E+00","0.00E+00","FCR Novabase Capital Inovacao e Internacionalizacao","","","","","","","","","","","","","","","","","","","",""
"DTV RESEARCH, UNIPESSOAL LDA","510302262","2012","2012","2.50E+06","2.50E+06","1.00E+00","2.00E+05","2.00E+05","1.90E+05","J - Information and communication","","Sale, 2014","no records","0.00E+00","0","N - LLC","0.00E+00","N - LLC","0.00E+00","0.00E+00","1.00E+00","1.00E+00","0.00E+00","FCR Novabase Capital Inovacao e Internacionalizacao","","","","","","","","","","","","","","","","","","","",""
"WIZDEE-SISTEMAS DE GESTAO DE CONHECIMENTO, S.A.","508979366","2009","2014","7.60E+05","2.60E+05","1.00E+00","1.51E+05","1.56E+05","9.45E+03","J - Information and communication","","","no records","0.00E+00","0","Y","6.24E+06","1.00E-02","1.56E+07","4.00E-01","2.00E+00","2.00E+00","0.00E+00","FCR Novabase Capital Inovacao e Internacionalizacao","FUNDO DE CAPITAL DE RISCO PORTUGAL VENTURES INTERNACIONALIZACAO","","","","","","","","","","","","","","","","","","",""
"FEEDZAI - CONSULTADORIA E INOVACAO TECNOLOGICA, S.A.","508771862","2008","2011","4.46E+06","4.46E+06","3.00E+00","9.99E+04","1.51E+05","9.99E+04","J - Information and communication","DE, USA","","Bonds","1.05E+06","02/07/2015","Y","9.64E+06","1.00E-02","1.51E+07","6.39E-01","5.00E+00","4.00E+00","1.00E+00","ESV inovacao & internacionalizacao","ESV III","FCR Novabase Capital","EDP Ventures","FCR Revitalizar Centro","","","","","","","","","","","","","","","",""
"FEEDZAI, INC.","5249785","2012","2013","1.49E+07","0.00E+00","0.00E+00","","","","Foreign Company","DE, USA","2015, EDP, Novabase","no records","0.00E+00","0","US C-corp","0.00E+00","US C-corp","0.00E+00","0.00E+00","5.00E+00","1.00E+00","4.00E+00","Data Collective","Sapphire Ventures","Oak HC/FT","Capital One Growth Ventures","Es Ventures","","","","","","","","","","","","","","","",""
"STEMMATTERS - BIOTECNOLOGIA E MEDICINA REGENERATIVA S.A.","508206383","2007","2011","2.44E+05","2.44E+05","1.00E+00","2.07E+05","2.12E+05","1.67E+05","C - Manufacturing","","","no records","0.00E+00","0","Y","1.07E+07","1.00E-02","2.12E+07","5.07E-01","6.00E+00","2.00E+00","4.00E+00","Fundo de Capital de Risco Empreender Mais","Fundo de Capital de Risco Beta Ciencias da Vida","Pathena, SGPS, S.A.","FJR, SGPS, S.A","Daninves, SGPS, S.A.","CGC Centro de Genetica Clinica e Patologia, S.A.","","","","","","","","","","","","","","",""
"MATERA, LDA","508753902","2009","2011","2.50E+05","2.50E+05","1.00E+00","2.80E+05","2.85E+05","1.85E+05","M - Professional, scientific and technical activities","","","no records","0.00E+00","0","N - LLC","0.00E+00","N - LLC","0.00E+00","0.00E+00","3.00E+00","1.00E+00","2.00E+00","FUNDO BETA CIENCIAS DA VIDA FCR","BIOCANT ASSOCIACAO DE TRANSFERENCIA DE TECNOLOGIA","BIOCANT VENTURES LDA","","","","","","","","","","","","","","","","","",""
"EQUIGERMINAL, S.A.","509756638","2011","2012","7.20E+05","7.20E+05","3.00E+00","6.50E+04","7.00E+04","5.13E+04","M - Professional, scientific and technical activities","","","no records","0.00E+00","0","Y","6.50E+04","1.00E+00","7.00E+04","9.29E-01","3.00E+00","2.00E+00","1.00E+00","A2B, SGPS","FCR ISTART I","FCR Beta Ciencias","","","","","","","","","","","","","","","","","",""
"TORBEL, S.A.","500695679","1977","2014","1.32E+06","1.32E+06","1.00E+00","2.29E+05","7.29E+05","2.29E+05","C - Manufacturing","","","no records","0.00E+00","0","N","0.00E+00","5.00E+00","1.46E+05","0.00E+00","1.00E+00","1.00E+00","0.00E+00","FCR ASK Celta","","","","","","","","","","","","","","","","","","","",""
"ATP- ATLANTICO TRADE PARTNERS - IMPORTACAO E EXPORTACAO DE PRODUTOS ALIMENTARES, LDA","509229697","2010","2011","6.00E+05","6.00E+05","1.00E+00","1.00E+04","2.00E+04","1.00E+04","G - Wholesale and retail trade, repair of motor vehicles and motorcycles","","","no records","0.00E+00","0","N - LLC","0.00E+00","N - LLC","0.00E+00","0.00E+00","1.00E+00","1.00E+00","0.00E+00","FCR ASK Celta","","","","","","","","","","","","","","","","","","","",""
"ISA - INTELLIGENT SENSING ANYWHERE, S.A.","502448911","2010","2011","5.89E+06","5.89E+06","1.00E+00","8.53E+05","1.65E+06","1.57E+06","M - Professional, scientific and technical activities","","Spin-off and Reduction of Capital, 2014","Alternext","2.58E+03","2013","N","0.00E+00","1.00E+00","1.65E+06","0.00E+00","1.00E+00","1.00E+00","0.00E+00","FCR Capital Criativo I","","","","","","","","","","","","","","","","","","","",""
"GO BIZ, VIAGENS E TURISMO, S.A.","506300072","2002","2012","2.65E+06","2.65E+06","1.00E+00","6.00E+04","1.65E+05","6.00E+04","N - Administrative and support service activities","","","no records","0.00E+00","0","N","0.00E+00","1.00E+00","1.65E+05","0.00E+00","1.00E+00","1.00E+00","0.00E+00","FCR Capital Criativo I","","","","","","","","","","","","","","","","","","","",""
"LIVE CONTENT S.A","509034080","2009","2011","6.50E+05","6.50E+05","1.00E+00","3.80E+05","6.19E+05","3.80E+05","J - Information and communication","","Exit, 2014","no records","0.00E+00","0","N","0.00E+00","1.00E+00","6.19E+05","0.00E+00","1.00E+00","1.00E+00","0.00E+00","FCR Capital Criativo I","","","","","","","","","","","","","","","","","","","",""
"USC INTERNACIONAL, S.A.","509928471","2011","2011","1.50E+06","1.50E+06","1.00E+00","7.50E+05","9.67E+05","7.50E+05","J - Information and communication","","","no records","0.00E+00","0","N","0.00E+00","1.00E+00","9.67E+05","0.00E+00","1.00E+00","1.00E+00","0.00E+00","FCR Capital Criativo I","","","","","","","","","","","","","","","","","","","",""
"CORTEX INTELLIGENCE TECNOLOGIA, LDA","509739490","2011","2012","3.00E+06","3.00E+06","1.00E+00","1.20E+05","1.50E+05","1.20E+05","J - Information and communication","","","no records","0.00E+00","0","N - LLC","0.00E+00","N - LLC","0.00E+00","0.00E+00","1.00E+00","1.00E+00","0.00E+00","FCR Capital Criativo I","","","","","","","","","","","","","","","","","","","",""
"BW - BRIDGES WORLDWIDE HOLDING, SGPS, S.A.","509985394","2011","2011","1.02E+06","1.02E+06","1.00E+00","3.88E+06","3.88E+06","8.33E+05","K - Financial and insurance activities","","","no records","0.00E+00","0","N","0.00E+00","1.00E+00","3.88E+06","0.00E+00","1.00E+00","1.00E+00","0.00E+00","ESV inovacao & internacionalizacao","","","","","","","","","","","","","","","","","","","",""
"LUSOEDUC - INFORMACAO E SERVICOS, S.A.","509061907","2009","2012","1.13E+06","1.13E+06","2.00E+00","3.49E+05","1.16E+06","3.49E+05","J - Information and communication","","","no records","0.00E+00","0","Y","1.13E+05","5.00E+00","2.32E+05","4.87E-01","2.00E+00","1.00E+00","1.00E+00","ESV inovacao & internacionalizacao","Busy Angels","","","","","","","","","","","","","","","","","","",""
"SAKPROJECT INTERNATIONAL, S.A","510434126","2012","2012","1.28E+06","1.28E+06","3.00E+00","7.78E+04","7.78E+04","2.78E+04","C - Manufacturing","","","no records","0.00E+00","0","Y","5.38E+06","1.00E-02","7.78E+06","6.91E-01","3.00E+00","2.00E+00","1.00E+00","FCR ISTART I","Busy Angels","ESV inovacao & internacionalizacao","","","","","","","","","","","","","","","","","",""
"STOCK BEATS, S.A.","513037470","2014","2014","1.85E+06","1.78E+06","1.00E+00","8.43E+04","1.84E+05","8.43E+04","J - Information and communication","","","no records","0.00E+00","0","Y","8.43E+04","1.00E+00","1.84E+05","4.57E-01","2.00E+00","1.00E+00","1.00E+00","ESV inovacao & internacionalizacao","Pathena","","","","","","","","","","","","","","","","","","",""
"NUTRI VENTURES CORPORATION - NVC S.A.","509667694","2010","2010","4.99E+06","4.99E+06","4.00E+00","2.89E+06","3.14E+06","2.89E+06","N - Administrative and support service activities","","","no records","0.00E+00","0","Y","1.02E+06","1.00E+00","3.14E+06","3.24E-01","4.00E+00","3.00E+00","1.00E+00","ESV inovacao & internacionalizacao","FCR PV Industrias Criativas","FCR Portugal Ventures Internacionalizacao","RedStar","","","","","","","","","","","","","","","","",""
"HEARTGENETICS GENETICS AND BIOTECHNOLOGY, S.A.","510575994","2013","2013","1.87E+06","1.87E+06","3.00E+00","5.27E+04","9.66E+04","5.27E+04","M - Professional, scientific and technical activities","","","no records","0.00E+00","0","N","0.00E+00","1.00E-02","9.66E+06","0.00E+00","4.00E+00","4.00E+00","0.00E+00","ESV inovacao & internacionalizacao","FCR ISTART I","ESV III","FCR Beta Ciencias da Vida","","","","","","","","","","","","","","","","",""
"SCIENCE4YOU, S.A.","508457467","2008","2012","2.78E+06","2.78E+06","2.00E+00","1.03E+05","3.82E+05","1.03E+05","G - Wholesale and retail trade, repair of motor vehicles and motorcycles","","","Bonds","3.00E+06","18/09/2015","N","0.00E+00","1.00E+00","3.82E+05","0.00E+00","6.00E+00","5.00E+00","1.00E+00","FCR Portugal Ventures Internacionalizacao","BCP Capital","FCR PV Industrias Criativas","FCR Finicia","Docentes FCUL","FCR Global2","","","","","","","","","","","","","","",""
"TUIZZI, S.A.","509820638","2011","2013","9.00E+05","9.00E+05","3.00E+00","7.77E+04","8.37E+04","7.77E+04","J - Information and communication","","","no records","0.00E+00","0","Y","4.07E+06","1.00E-02","8.37E+06","4.87E-01","3.00E+00","2.00E+00","1.00E+00","IA - FCI - TICE","FCR PV Industrias Criativas","Portugal Ventures Internacionalizacao","","","","","","","","","","","","","","","","","",""
"IM3DICAL, S.A.","509845061","2009","2013","7.50E+05","7.50E+05","1.00E+00","4.13E+04","1.12E+05","4.13E+04","M - Professional, scientific and technical activities","","","no records","0.00E+00","0","Y","7.37E+06","1.00E-02","1.12E+07","6.56E-01","2.00E+00","1.00E+00","1.00E+00","FCR PV Industrias Criativas","Pathena","","","","","","","","","","","","","","","","","","",""
"GLEAM, S.A.","510730370","2013","2013","9.40E+05","6.00E+05","1.00E+00","4.17E+05","4.17E+05","4.17E+05","J - Information and communication","","","no records","0.00E+00","0","Y","2.17E+05","1.00E+00","4.17E+05","5.20E-01","2.00E+00","1.00E+00","1.00E+00","FABER VENTURES, S.A.","FCR PV Industrias Criativas","","","","","","","","","","","","","","","","","","",""
"GLOBAL INPAKT, S.A.","510742971","2013","2013","2.75E+05","2.75E+05","2.00E+00","5.57E+04","5.57E+04","5.57E+04","J - Information and communication","","Dissolution, 2014","no records","0.00E+00","0","Y","1.57E+06","1.00E-02","5.57E+06","2.82E-01","2.00E+00","1.00E+00","1.00E+00","FCR PV Industrias Criativas","PNV Capital","","","","","","","","","","","","","","","","","","",""
"GETSOCIAL, S.A.","510781322","2013","2013","6.30E+05","3.15E+05","1.00E+00","6.96E+04","6.96E+04","6.96E+04","J - Information and communication","","","no records","0.00E+00","0","Y","2.96E+06","1.00E-02","6.96E+06","4.26E-01","2.00E+00","1.00E+00","1.00E+00","FCR PV Industrias Criativas","FABER VENTURES, S.A.","","","","","","","","","","","","","","","","","","",""
"GORGEOUSDETAILS, S.A. - SOCIEDADE EM LIQUIDACAO","510803598","2013","2013","1.00E+06","1.00E+06","1.00E+00","2.73E+05","7.78E+05","2.73E+05","G - Wholesale and retail trade, repair of motor vehicles and motorcycles","","","no records","0.00E+00","0","Y","2.78E+07","1.00E-02","7.78E+07","3.57E-01","1.00E+00","1.00E+00","0.00E+00","FCR PV Industrias Criativas","","","","","","","","","","","","","","","","","","","",""
"GREENFIBER TECH, S.A.","509967400","2011","2013","1.43E+06","1.43E+06","2.00E+00","1.27E+06","1.69E+06","1.27E+06","C - Manufacturing","","","Securities issuing","6.25E+05","22/04/2016","Y","3.38E+05","5.00E+00","3.38E+05","1.00E+00","2.00E+00","2.00E+00","0.00E+00","FCR PV Early Stage","FCR ASK Capital","","","","","","","","","","","","","","","","","","",""
"STREAMBOLICO S.A.","510177026","2012","2013","1.24E+06","1.24E+06","2.00E+00","6.18E+04","6.68E+04","2.56E+04","J - Information and communication","","","no records","0.00E+00","0","Y","2.56E+06","1.00E-02","6.68E+06","3.83E-01","2.00E+00","2.00E+00","0.00E+00","FCR PV Early Stage","Fundo de Capital de Risco Fast Change II","","","","","","","","","","","","","","","","","","",""
"WHIZZTEK, S.A. - EM LIQUIDACAO","510361803","2012","2014","7.50E+05","7.50E+05","1.00E+00","1.35E+05","1.90E+05","8.76E+04","J - Information and communication","","Dissolution, 31/08/2015","no records","0.00E+00","0","Y","3.52E+06","1.00E-02","1.90E+07","1.85E-01","1.00E+00","1.00E+00","0.00E+00","FCR PV Early Stage","","","","","","","","","","","","","","","","","","","",""
"LIQUID DATA INTELLIGENCE, S.A.","510993834","2014","2014","7.50E+05","6.08E+05","1.00E+00","3.38E+04","2.03E+05","3.38E+04","J - Information and communication","","","no records","0.00E+00","0","Y","6.75E+06","1.00E-02","2.03E+07","3.33E-01","2.00E+00","1.00E+00","1.00E+00","FABER VENTURES, S.A.","FCR PV Early Stage","","","","","","","","","","","","","","","","","","",""
"FORMULA DA AVO - LDA","510077072","2012","2013","1.84E+05","1.84E+05","2.00E+00","3.85E+03","8.85E+03","3.85E+03","M - Professional, scientific and technical activities","","","no records","0.00E+00","0","N - LLC","0.00E+00","N - LLC","0.00E+00","0.00E+00","2.00E+00","1.00E+00","1.00E+00","HOTTRADE - REPRESENTACOES, GESTAO E SERVICOS S.A.","EV Tecsaude, SGPS, SA","","","","","","","","","","","","","","","","","","",""
"SPHERE ULTRAFAST PHOTONICS, S.A.","510571514","2013","2014","8.50E+05","8.50E+05","1.00E+00","2.33E+04","6.43E+04","2.33E+04","C - Manufacturing","","","no records","0.00E+00","0","Y","1.95E+05","1.00E-01","6.43E+05","3.03E-01","1.00E+00","1.00E+00","0.00E+00","FCR Minho Inovacao & Internacionalizacao","","","","","","","","","","","","","","","","","","","",""
"MOBIQUEUE, S.A.","510753884","2013","2014","1.50E+05","1.50E+05","1.00E+00","4.40E+04","5.00E+04","4.00E+04","J - Information and communication","","","no records","0.00E+00","0","Y","1.70E+05","1.00E-01","5.00E+05","3.40E-01","1.00E+00","1.00E+00","0.00E+00","FCR Minho Inovacao & Internacionalizacao","","","","","","","","","","","","","","","","","","","",""
"ADDVOLT, S.A.","510788815","2014","2014","3.35E+05","3.35E+05","1.00E+00","5.00E+04","5.00E+04","3.00E+04","M - Professional, scientific and technical activities","","","no records","0.00E+00","0","N","0.00E+00","1.00E-01","5.00E+05","0.00E+00","1.00E+00","1.00E+00","0.00E+00","FCR Minho Inovacao & Internacionalizacao","","","","","","","","","","","","","","","","","","","",""
"BIOMODE 2, S.A.","513002901","2014","2014","1.60E+06","1.53E+06","3.00E+00","6.00E+04","6.00E+05","4.76E+04","M - Professional, scientific and technical activities","","","no records","0.00E+00","0","Y","3.34E+05","1.00E-01","6.00E+06","5.57E-02","4.00E+00","2.00E+00","2.00E+00","FCR FAST Change II","FCR Minho Inovacao & Internacionalizacao","IA - FCI Ciencias da Vida SGPS, SA","Gegnum Gestao e Investimentos, lda","","","","","","","","","","","","","","","","",""
"AUGRPUBLISHER, S.A","513061690","2014","2014","2.13E+05","2.13E+05","1.00E+00","3.75E+04","5.01E+04","3.75E+04","J - Information and communication","","","no records","0.00E+00","0","N","0.00E+00","1.00E+00","5.01E+04","0.00E+00","2.00E+00","1.00E+00","1.00E+00","FCR Minho Inovacao & Internacionalizacao","Binteractive, Lda","","","","","","","","","","","","","","","","","","",""
"DOCTORGUMMY, LDA","513249141","2014","2014","1.63E+05","1.63E+05","1.00E+00","2.97E+03","7.97E+03","2.97E+03","M - Professional, scientific and technical activities","","","no records","0.00E+00","0","N - LLC","0.00E+00","N - LLC","0.00E+00","0.00E+00","4.00E+00","1.00E+00","3.00E+00","FCR Minho Inovacao & Internacionalizacao","Capital Disperso, LDA","Fast Sharks Invest, LDA","Vallis Sustainable Investments I","","","","","","","","","","","","","","","","",""
"CRITICAL MATERIALS, S.A.","508339855","2008","2011","6.00E+05","6.00E+05","1.00E+00","1.38E+05","2.38E+05","1.38E+05","J - Information and communication","","","no records","0.00E+00","0","N","0.00E+00","1.00E+00","2.38E+05","0.00E+00","1.00E+00","1.00E+00","0.00E+00","FCR Critical Ventures I","","","","","","","","","","","","","","","","","","","",""
"RETMARKER, S.A.","508805759","2008","2011","1.13E+06","1.13E+06","2.00E+00","4.53E+05","9.53E+05","4.53E+05","J - Information and communication","","","no records","0.00E+00","0","Y","7.03E+04","no value","0.00E+00","0.00E+00","2.00E+00","1.00E+00","1.00E+00","FCR Critical Ventures I","Sequoia Saude e Tecnologia","","","","","","","","","","","","","","","","","","",""
"BLUECARING - SISTEMAS DE MONITORIZACAO, S.A.","509961320","2011","2014","3.60E+05","3.60E+05","1.00E+00","5.00E+04","1.00E+05","5.00E+04","J - Information and communication","","","no records","0.00E+00","0","Y","2.32E+05","2.50E-01","4.00E+05","5.79E-01","1.00E+00","1.00E+00","0.00E+00","FCR Critical Ventures I","","","","","","","","","","","","","","","","","","","",""
"WFSW, S.A.","510343350","2012","2012","1.00E+06","1.00E+06","1.00E+00","1.50E+04","6.50E+04","1.50E+04","J - Information and communication","","2013,DE, USA","no records","0.00E+00","0","N","0.00E+00","1.00E+00","6.50E+04","0.00E+00","2.00E+00","1.00E+00","1.00E+00","Critical Ventures","Critical SGPS (holding)","","","","","","","","","","","","","","","","","","",""
"CBRA GENOMICS, S.A.","510447147","2012","2013","1.09E+06","1.09E+06","2.00E+00","6.87E+04","6.97E+04","4.37E+04","M - Professional, scientific and technical activities","","","no records","0.00E+00","0","Y","3.88E+06","1.00E-02","6.97E+06","5.56E-01","4.00E+00","2.00E+00","2.00E+00","FCR Critical Ventures I","FCR PV Biocant","FCR Minho Inovacao & Internacionalizacao","Critical Software, S.A.","","","","","","","","","","","","","","","","",""
"GENE PREDIT S.A.","507586557","2006","2012","3.91E+05","3.91E+05","1.00E+00","1.03E+06","1.04E+06","1.02E+06","M - Professional, scientific and technical activities","","","no records","0.00E+00","0","Y","4.85E+05","1.00E+00","1.04E+06","4.69E-01","4.00E+00","3.00E+00","1.00E+00","FCR PV Biocant","Biocant Ventures, Lda","BETA SOCIEDADE DE CAPITAL DE RISCO, S.A.","FUNDO DE CAPITAL DE RISCO INOVCAPITAL","","","","","","","","","","","","","","","","",""
"TREAT U, S.A.","509293077","2010","2013","7.60E+05","7.60E+05","1.00E+00","2.46E+04","8.46E+04","2.46E+04","M - Professional, scientific and technical activities","","","no records","0.00E+00","0","Y","1.44E+06","1.00E-02","8.46E+06","1.70E-01","2.00E+00","1.00E+00","1.00E+00","FCR PV Biocant","Bluepharma Industria farmaceutica,S.A.","","","","","","","","","","","","","","","","","","",""
"PERCEIVE3D, S.A.","510642926","2013","2013","1.13E+06","1.13E+06","1.00E+00","1.08E+05","1.09E+05","3.13E+04","M - Professional, scientific and technical activities","","","no records","0.00E+00","0","Y","3.13E+06","1.00E-02","1.09E+07","2.87E-01","2.00E+00","2.00E+00","0.00E+00","FCR PV Biocant","FCR Portugal Ventures ACTEC II","","","","","","","","","","","","","","","","","","",""
"ALTAKITIN, S.A.","509655300","2010","2011","9.01E+05","9.01E+05","1.00E+00","5.89E+04","1.09E+05","1.74E+04","M - Professional, scientific and technical activities","","","no records","0.00E+00","0","N","0.00E+00","1.00E+00","1.09E+05","0.00E+00","2.00E+00","2.00E+00","0.00E+00","FCR ASK Capital","Fundo ISQ Capital","","","","","","","","","","","","","","","","","","",""
"BABYBOOK, S.A.","509822070","2011","2014","6.65E+05","5.08E+05","2.00E+00","7.17E+04","7.27E+04","4.54E+04","J - Information and communication","","","no records","0.00E+00","0","Y","2.77E+06","1.00E-02","7.27E+06","3.81E-01","3.00E+00","3.00E+00","0.00E+00","Fundo ASK Capital","FCR PV Universitas","Naves Sociedade de Capital de Risco, S.A.","","","","","","","","","","","","","","","","","",""
"SHIFTFORWARD, S.A.","509890180","2011","2014","7.50E+05","7.50E+05","1.00E+00","6.01E+04","6.01E+04","1.31E+04","J - Information and communication","","","no records","0.00E+00","0","Y","1.01E+06","1.00E-02","6.01E+06","1.68E-01","1.00E+00","1.00E+00","0.00E+00","FCR Portugal Ventures Internacionalizacao","","","","","","","","","","","","","","","","","","","",""
"YOUNGSTORIES, S.A.","509984568","2011","2013","2.14E+06","2.09E+06","3.00E+00","7.44E+04","7.49E+04","2.64E+04","J - Information and communication","","","no records","0.00E+00","0","N","0.00","1.00E-02","7.49E+06","0.00E+00","5.00E+00","2.00E+00","3.00E+00","Shilling Capital Partners, SGPS, Lda","Busy Angels","FABER VENTURES, S.A.","FCR PV Universitas","FCR Portugal Ventures Early Stage","","","","","","","","","","","","","","","",""
"APTOIDE, S.A.","509987184","2011","2013","2.30E+06","1.20E+06","1.00E+00","4.81E+04","8.85E+04","4.81E+04","J - Information and communication","","","no records","0.00E+00","0","Y","4.36E+06","1.00E-02","8.85E+06","4.93E-01","5.00E+00","2.00E+00","3.00E+00","FCR PV Universitas","Golden Gate Ventures","Gobi Partners","e.ventures","FCR Portugal Ventures Internacionalizacao","","","","","","","","","","","","","","","",""
"PASSWORKS, S.A.","513002111","2014","2014","7.50E+05","5.00E+05","1.00E+00","2.07E+05","2.07E+05","2.89E+04","J - Information and communication","","","no records","0.00E+00","0","Y","7.23E+06","1.00E-02","2.07E+07","3.49E-01","2.00E+00","1.00E+00","1.00E+00","FABER VENTURES, S.A.","FCR PV Universitas","","","","","","","","","","","","","","","","","","",""
"BIOMODE - BIOMOLECULAR DETERMINATION, S.A.","509594107","2010","2011","3.00E+05","3.00E+05","1.00E+00","5.00E+05","5.00E+05","5.00E+05","M - Professional, scientific and technical activities","","Exited","no records","0.00E+00","0","N","0.00E+00","1.00E-02","5.00E+07","0.00E+00","1.00E+00","1.00E+00","0.00E+00","FCR PV ACTEC","","","","","","","","","","","","","","","","","","","",""
"OMNIFLOW, S.A","509895948","2011","2012","8.26E+05","8.26E+05","1.00E+00","2.31E+05","2.36E+05","2.31E+05","M - Professional, scientific and technical activities","","","no records","0.00E+00","0","Y","0.00E+00","1.00E-02","2.36E+07","0.00E+00","2.00E+00","2.00E+00","0.00E+00","FCR PV ACTEC","Inovcapital","","","","","","","","","","","","","","","","","","",""
"PHARMA73 S.A.","509923275","2011","2011","3.00E+05","2.85E+05","1.00E+00","4.01E+05","1.02E+05","4.01E+05","C - Manufacturing","","","no records","0.00E+00","0","N","0.00E+00","5.00E+00","2.04E+04","0.00E+00","1.00E+00","1.00E+00","0.00E+00","FCR PV ACTEC","","","","","","","","","","","","","","","","","","","",""
"ABYSSAL, S.A.","510091083","2012","2012","3.00E+05","3.00E+05","1.00E+00","1.51E+05","1.51E+05","","J - Information and communication","","","no records","0.00E+00","0","Y","2.74E+06","1.00E-02","1.51E+07","1.81E-01","1.00E+00","1.00E+00","0.00E+00","FCR PV ACTEC","","","","","","","","","","","","","","","","","","","",""
"LYMPHACT - LYMPHOCYTE ACTIVATION TECHNOLOGIES, S.A.","510695833","2013","2013","5.31E+05","5.31E+05","2.00E+00","6.72E+04","6.72E+04","","J - Information and communication","","","no records","0.00E+00","0","Y","2.35E+06","1.00E-02","6.72E+06","3.50E-01","2.00E+00","1.00E+00","1.00E+00","FCR PV ACTEC","Busy Angels","","","","","","","","","","","","","","","","","","",""
"XHOCKWARE, S.A.","510942571","2014","2014","1.12E+06","2.45E+05","1.00E+00","7.57E+04","7.57E+04","","J - Information and communication","","","no records","0.00E+00","0","Y","2.57E+06","1.00E-02","7.57E+06","3.40E-01","2.00E+00","1.00E+00","1.00E+00","FCR PV ACTEC","Busy Angels","","","","","","","","","","","","","","","","","","",""
"LASERLEAP TECHNOLOGIES,S.A.","509992544","2011","2013","4.30E+05","4.30E+05","1.00E+00","3.33E+04","5.83E+04","2.52E+04","M - Professional, scientific and technical activities","","","no records","0.00E+00","0","Y","2.52E+06","1.00E-02","5.83E+06","4.32E-01","3.00E+00","2.00E+00","1.00E+00","Busy Angels","FCR ISTART I","Hovione Capital, SCR S.A.","","","","","","","","","","","","","","","","","",""
"ECOFOOT, S.A.","510252362","2012","2013","6.60E+05","6.60E+05","2.00E+00","5.50E+03","7.21E+04","5.50E+03","C - Manufacturing","","","no records","0.00E+00","0","Y","1.57E+06","1.00E-02","7.21E+06","2.18E-01","2.00E+00","1.00E+00","1.00E+00","FCR ISTART I","TEX Risco, SGPS, SA","","","","","","","","","","","","","","","","","","",""
"EIDT - ENGENHARIA, INOVACAO E DESENVOLVIMENTO TECNOLOGICO, S.A.","509221785","2009","2012","3.50E+05","3.50E+05","1.00E+00","9.00E+04","1.50E+05","","F - Construction","","","no records","0.00E+00","0","Y","0.00E+00","5.00E+00","3.00E+04","0.00E+00","2.00E+00","1.00E+00","1.00E+00","FCR FAST Change II","Grupo EDP","","","","","","","","","","","","","","","","","","",""
"CELL2B - ADVANCED THERAPEUTICS, S.A.","509687040","2011","2012","1.27E+06","1.74E+06","3.00E+00","4.04E+04","5.60E+04","3.95E+04","M - Professional, scientific and technical activities","","","no records","0.00E+00","0","N","0.00E+00","8.40E-01","6.67E+04","0.00E+00","7.00E+00","2.00E+00","5.00E+00","FCR FAST Change II","Shilling Capital Partners, Lda","Magnum Capital Partners","Vallis  SGPS, S.A.","SharkAB Consultores, Lda","Biocant Associacao","FCR Revitalizar Centro","","","","","","","","","","","","","",""
"CONVERDE, S.A.","509720765","2011","2012","1.00E+06","1.00E+06","1.00E+00","1.25E+04","6.25E+04","","C - Manufacturing","","","no records","0.00E+00","0","Y","2.49E+06","1.00E-02","6.25E+06","3.99E-01","2.00E+00","2.00E+00","0.00E+00","Fast Change","FCR FAST Change II","","","","","","","","","","","","","","","","","","",""
"5ENSESINFOOD, S.A.","510257127","2012","2013","1.00E+06","1.00E+06","3.00E+00","4.90E+05","5.65E+05","4.90E+05","C - Manufacturing","","","no records","0.00E+00","0","N","0.00E+00","0.00E+00","0.00E+00","0.00E+00","3.00E+00","1.00E+00","2.00E+00","FCR FAST Change II","BrainInvest","IA - FCI - Ciencias da Vida","","","","","","","","","","","","","","","","","",""
"NMUSIC S.A.","509280285","2010","2013","4.50E+06","4.50E+06","1.00E+00","6.78E+03","6.78E+04","","J - Information and communication","","","Bonds","4.00E+06","2014","N","0.00E+00","1.00E+00","6.78E+04","0.00E+00","2.00E+00","1.00E+00","1.00E+00","Pathena","FCR Revitalizar Norte","","","","","","","","","","","","","","","","","","",""
"THELIAL TECHNOLOGIES S.A.","509066569","2009","2010","3.60E+05","1.79E+05","1.00E+00","7.00E+04","1.36E+05","","M - Professional, scientific and technical activities","","","no records","0.00E+00","0","Y","5.00E+03","1.00E+00","1.36E+05","3.68E-02","2.00E+00","1.00E+00","1.00E+00","FCR Portugal Ventures ACTEC II","Biocant Ventures","","","","","","","","","","","","","","","","","","",""
"MUZZLEY, S.A.","510354050","2012","2012","1.89E+06","3.00E+05","1.00E+00","2.94E+04","8.44E+04","1.96E+05","J - Information and communication","","","no records","0.00E+00","0","Y","4.44E+06","1.00E-02","8.44E+06","5.26E-01","4.00E+00","3.00E+00","1.00E+00","FCR Istart I","Fundo de Capital de Risco Portugal Ventures Valor 2","Plug & Play Accelarator","ESV III","","","","","","","","","","","","","","","","",""
"EPEDAL, SGPS S.A.","508077036","2007","2015","2.50E+06","2.50E+06","2.00E+00","1.32E+04","8.78E+04","1.32E+04","K - Financial and insurance activities","","","no records","0.00E+00","0","N","0.00E+00","5.00E+00","1.76E+04","0.00E+00","2.00E+00","2.00E+00","0.00E+00","FCR Portugal Ventures Internacionalizacao","FCR PME / Novo Banco","","","","","","","","","","","","","","","","","","",""
"QAMINE PORTUGAL, S.A","510815120","2013","2013","5.00E+05","2.75E+05","1.00E+00","4.27E+05","4.27E+05","","J - Information and communication","","","no records","0.00E+00","0","Y","4.22E+07","1.00E-02","4.27E+07","9.88E-01","2.00E+00","1.00E+00","1.00E+00","FABER VENTURES, S.A.","FCR Istart I","","","","","","","","","","","","","","","","","","",""
"QAMINE LIMITED","8374290","2013","2015","8.25E+05","0.00E+00","0.00E+00","5.87E+00","1.44E+01","","J - Information and communication","","","no records","0.00E+00","0","UK LLC","","UK LLC","0.00E+00","0.00E+00","8.00E+00","2.00E+00","6.00E+00","FABER VENTURES, S.A. (via QAMINE PORTUGAL, S.A)","ISTART - I","Seedcamp","Caixa Capital","Faber Ventures","Henrique de Castro","Join Capital","Undisclosure Angel Investment","","","","","","","","","","","","",""
"JSCRAMBLER, S.A.","508268516","2007","2013","1.30E+06","1.30E+06","1.00E+00","9.01E+04","9.51E+04","2.56E+04","J - Information and communication","","","no records","0.00E+00","0","Y","2.56E+06","1.00E-02","9.51E+06","2.69E-01","1.00E+00","1.00E+00","0.00E+00","FCR Portugal Ventures Internacionalizacao","","","","","","","","","","","","","","","","","","","",""
"PETSYS ELECTRONICS - MEDICAL PET DETECTORS,","510861679","2013","2013","9.15E+05","9.15E+05","1.00E+00","1.35E+05","4.54E+05","","M - Professional, scientific and technical activities","","","no records","0.00E+00","0","N","0.00E+00","1.00E-02","4.54E+07","0.00E+00","3.00E+00","2.00E+00","1.00E+00","FCR Portugal Ventures Early Stage","FCR Portugal Ventures Universitas","Universidade do Porto","","","","","","","","","","","","","","","","","",""
"ICLIO, S.A.","508991390","2009","2014","1.65E+06","1.37E+06","2.00E+00","5.33E+04","5.83E+04","2.33E+04","J - Information and communication","","","no records","0.00E+00","0","Y","2.33E+06","1.00E-02","5.83E+06","4.00E-01","2.00E+00","1.00E+00","1.00E+00","FCR Portugal Ventures Turismo Inovacao","Busy Angels","","","","","","","","","","","","","","","","","","",""
"FRIDAY: CIENCIA E ENGENHARIA DO LAZER, S.A.","510445276","2012","2014","1.20E+06","1.00E+06","1.00E+00","6.22E+04","6.42E+04","1.46E+04","G - Wholesale and retail trade, repair of motor vehicles and motorcycles","","","no records","0.00E+00","0","Y","2.02E+06","1.00E-02","6.42E+06","3.15E-01","1.00E+00","1.00E+00","0.00E+00","FCR Portugal Ventures Turismo Inovacao","","","","","","","","","","","","","","","","","","","",""
"FAIRWAY, MEDICAL TOURISM PORTUGAL, S.A.","510603556","2013","2013","6.20E+05","6.20E+05","3.00E+00","1.00E+05","1.01E+05","","J - Information and communication","","","no records","0.00E+00","0","Y","5.91E+06","1.00E-02","1.01E+07","5.88E-01","3.00E+00","1.00E+00","2.00E+00","FCR Portugal Ventures Turismo Inovacao","Busy Angels","Eggnest","","","","","","","","","","","","","","","","","",""
"MAGNOMICS, S.A.","510646778","2013","2014","2.20E+05","1.64E+05","2.00E+00","3.33E+05","3.34E+06","1.32E+05","M - Professional, scientific and technical activities","","","no records","0.00E+00","0","N","0.00E+00","1.00E-02","3.34E+08","0.00E+00","5.00E+00","2.00E+00","3.00E+00","Fundo de Capital de Risco Beta Ciencias da Vida","PNV Capital","Fundo de Capital de Risco Portugal Ventures","INESC ID Instituto de Engenharia de Sistemas e Computadores, Investigacao e Desenvolvimento em Lisboa","NESC Microsistemas e Nanotecnologias  Instituto de engenharia de Sistemas e Computadores para os Microsistemas e as Nanotecnologias","","","","","","","","","","","","","","","",""
"WEDELIVERAWESOMEAPPS, S.A.","510804519","2013","2014","1.73E+06","1.73E+06","1.00E+00","6.28E+04","6.28E+04","2.04E+04","J - Information and communication","","","no records","0.00E+00","0","Y","7.66E+05","1.00E-02","6.28E+06","1.22E-01","1.00E+00","1.00E+00","0.00E+00","Fundo de Capital de Risco Turismo Inovacao FCR","","","","","","","","","","","","","","","","","","","",""
"AMANHA GLOBAL, S.A.","510824625","2013","2014","6.50E+05","4.50E+05","1.00E+00","6.52E+04","6.77E+04","2.87E+04","J - Information and communication","","","no records","0.00E+00","0","Y","2.87E+06","1.00E-02","6.77E+06","4.24E-01","2.00E+00","1.00E+00","1.00E+00","Fundo de Capital de Risco Portugal Ventures Early Stage","Indexingnition Investimentos e Consultoria, Lda","","","","","","","","","","","","","","","","","","",""
"KINEMATIX SENSE, S.A.","507896068","2007","2008","6.50E+06","1.50E+06","1.00E+00","8.93E+05","8.37E+05","8.84E+05","C - Manufacturing","","","no records","0.00E+00","0","Y","5.39E+07","1.00E-02","8.37E+07","6.45E-01","4.00E+00","2.00E+00","2.00E+00","FCR Portugal Ventures Internacionalizacao","Inesc Porto","FCR InovCapital","CIENCIVEST, VALORIZACAO ECONOMICA DA CIENCIA, S.A.","","","","","","","","","","","","","","","","",""
"MOODOPTIC, S.A.","507798325","2006","2014","1.17E+06","1.17E+06","1.00E+00","1.39E+05","3.19E+05","9.71E+04","G - Wholesale and retail trade, repair of motor vehicles and motorcycles","","","no records","0.00E+00","0","Y","9.71E+06","1.00E-02","3.19E+07","3.04E-01","1.00E+00","1.00E+00","0.00E+00","FCR Portugal Ventures Internacionalizacao","","","","","","","","","","","","","","","","","","","",""
"MAPS WITH LIFE, S.A. - EM LIQUIDACAO","510740480","2013","2013","3.85E+05","3.85E+05","2.00E+00","7.84E+04","7.84E+04","","J - Information and communication","","","no records","0.00E+00","0","N","4.24E+06","1.00E-02","7.84E+06","5.41E-01","2.00E+00","1.00E+00","1.00E+00","FCR Portugal Ventures Turismo Inovacao","PNV Capital","","","","","","","","","","","","","","","","","","",""
"TURFLYNX, LDA","513233989","2014","2014","3.00E+05","3.00E+05","1.00E+00","3.79E+03","8.79E+03","3.79E+03","M - Professional, scientific and technical activities","","","no records","0.00E+00","0","N - LLC","0.00E+00","N - LLC","0.00E+00","0.00E+00","2.00E+00","1.00E+00","1.00E+00","Fundo ASK Capital","MERMAID INVESTMENTS B.V.","","","","","","","","","","","","","","","","","","",""
"ECT - BUSINESS OPORTUNITY, COMPRA E VENDA DE VIATURAS, LDA","510064256","2014","2014","4.00E+05","4.00E+05","1.00E+00","1.67E+03","6.67E+03","1.67E+03","G - Wholesale and retail trade, repair of motor vehicles and motorcycles","","","no records","0.00E+00","0","N - LLC","0.00E+00","N - LLC","0.00E+00","0.00E+00","1.00E+00","1.00E+00","0.00E+00","Fundo ASK Capital","","","","","","","","","","","","","","","","","","","",""
"WISE CONNECT S.A.","513112146","2014","2014","3.50E+05","3.50E+05","1.00E+00","4.40E+04","5.00E+04","1.80E+04","J - Information and communication","","","no records","0.00E+00","0","Y","1.25E+05","1.00E-01","5.00E+05","2.50E-01","1.00E+00","1.00E+00","0.00E+00","FCR Minho Inovacao e Internacionalizacao","","","","","","","","","","","","","","","","","","","",""
"GUM CHEMICAL SOLUTIONS, S.A.","510551890","2013","2015","1.00E+06","1.00E+06","1.00E+00","7.92E+03","7.04E+04","7.92E+03","C - Manufacturing","","","no records","0.00E+00","0","N","0.00E+00","1.00E+00","7.04E+04","0.00E+00","1.00E+00","1.00E+00","0.00E+00","FCR Ask Celta","","","","","","","","","","","","","","","","","","","",""
"TOP RESEARCH, S.A.","509841686","2012","2015","9.30E+05","9.30E+05","2.00E+00","3.68E+04","6.08E+04","2.08E+04","M - Professional, scientific and technical activities","","","no records","0.00E+00","0","Y","2.08E+06","1.00E-02","6.08E+06","3.43E-01","2.00E+00","2.00E+00","0.00E+00","FCR Portugal Ventures ACTEC II","FCR Minho Inovacao e Internacionalizacao","","","","","","","","","","","","","","","","","","",""
"BULLET SOLUTIONS - SISTEMAS DE INFORMACAO S.A.","507491300","2006","2015","5.20E+05","5.20E+05","1.00E+00","3.89E+04","1.89E+07","3.89E+04","J - Information and communication","","","no records","0.00E+00","0","Y","3.89E+06","1.00E-02","1.89E+09","2.06E-03","1.00E+00","1.00E+00","0.00E+00","FCR Portugal Ventures ACTEC II","","","","","","","","","","","","","","","","","","","",""
"PEPFEED, S,A","510820484","2013","2015","2.50E+05","2.50E+05","1.00E+00","5.26E+04","5.51E+04","1.20E+04","J - Information and communication","","","no records","0.00E+00","0","Y","1.20E+06","1.00E-02","5.51E+06","2.17E-01","1.00E+00","1.00E+00","0.00E+00","FCR Portugal Ventures Universitas","","","","","","","","","","","","","","","","","","","",""
"MYGON, S.A.","510005420","2011","2012","7.00E+05","7.00E+05","1.00E+00","6.02E+05","1.96E+05","6.82E+04","M - Professional, scientific and technical activities","","","no records","0.00E+00","0","Y","1.08E+07","1.00E-02","1.96E+07","5.50E-01","5.00E+00","1.00E+00","4.00E+00","FCR Portugal Ventures Turismo Inovacao","AFSA SGPS, S.A","EntreParentesis SGPS,S.A.","B31 Investimentos, Lda","Innovation Makers servicos de Consultoria em Inovacao, Lda","","","","","","","","","","","","","","","",""
"IMMUNETHEP, S.A.","510824439","2013","2015","7.50E+05","7.50E+05","1.00E+00","5.61E+04","5.71E+04","3.86E+04","M - Professional, scientific and technical activities","","","no records","0.00E+00","0","Y","1.39E+06","1.00E-02","5.71E+06","2.43E-01","2.00E+00","1.00E+00","1.00E+00","FCR Portugal Ventures Biocant","Venture Catalysts, Lda","","","","","","","","","","","","","","","","","","",""
"WATT-IS, S.A.","510207715","2012","2015","4.00E+05","4.00E+05","1.00E+00","4.40E+04","5.00E+04","1.75E+04","M - Professional, scientific and technical activities","","","no records","0.00E+00","0","N","0.00E+00","1.00E-01","5.00E+05","0.00E+00","1.00E+00","1.00E+00","0.00E+00","FCR Minho Inovacao e Internacionalizacao","","","","","","","","","","","","","","","","","","","",""
"WEBANKOR, S.A.","510060625","2012","2013","6.00E+05","6.00E+05","2.00E+00","1.34E+05","1.62E+05","4.07E+04","J - Information and communication","","","no records","0.00E+00","0","Y","3.45E+06","1.00E-02","1.62E+07","2.12E-01","3.00E+00","1.00E+00","2.00E+00","FCR Portugal Ventures Early Stage","PNV Capital","Busy Angels","","","","","","","","","","","","","","","","","",""
"POSSIBLE ANSWER , S.A","513140603","2014","2015","3.53E+05","3.53E+05","1.00E+00","8.68E+04","8.81E+04","2.58E+04","M - Professional, scientific and technical activities","","","no records","0.00E+00","0","Y","2.58E+06","1.00E-02","8.81E+06","2.93E-01","1.00E+00","1.00E+00","0.00E+00","FCR Portugal Ventures ACTEC II","","","","","","","","","","","","","","","","","","","",""
"BEYONDEVICES, S.A.","510224954","2012","2015","4.60E+05","4.60E+05","1.00E+00","6.90E+04","7.00E+04","2.00E+04","C - Manufacturing","","","no records","0.00E+00","0","N","0.00E+00","1.00E-02","7.00E+06","0.00E+00","2.00E+00","1.00E+00","1.00E+00","FCR Portugal Ventures Internacionalizacao","NEUTROPLAST INDUSTRIA DE EMBALAGENS PLASTICAS S.A.","","","","","","","","","","","","","","","","","","",""
"FOLLOW INSPIRATION, S.A.","510154212","2012","2014","8.00E+05","8.00E+05","2.00E+00","6.88E+04","7.38E+04","4.12E+04","J - Information and communication","","","no records","0.00E+00","0","Y","2.56E+06","1.00E-02","7.38E+06","3.47E-01","2.00E+00","1.00E+00","1.00E+00","Portugal Ventures","TIC Risco, SGPS, SA","","","","","","","","","","","","","","","","","","",""
"PETAPILOT, S.A.","510961304","2014","2015","5.00E+05","5.00E+05","1.00E+00","1.25E+04","6.25E+04","1.25E+04","J - Information and communication","","","no records","0.00E+00","0","N","0.00E+00","1.00E+00","6.25E+04","0.00E+00","1.00E+00","1.00E+00","0.00E+00","Fundo ASK Celta","","","","","","","","","","","","","","","","","","","",""
"CUBO ENVIRONMENTAL TECHNOLOGIES, S.A.","513093893","2014","2015","3.10E+05","3.10E+05","1.00E+00","1.41E+05","1.46E+05","4.62E+04","C - Manufacturing","","","no records","0.00E+00","0","Y","4.62E+06","1.00E-02","1.46E+07","3.16E-01","1.00E+00","1.00E+00","0.00E+00","FCR Portugal Ventures Early Stage","","","","","","","","","","","","","","","","","","","",""
"GRAPHENEST, S.A.","513542850","2015","2015","2.50E+05","2.50E+05","1.00E+00","5.82E+04","5.82E+04","3.30E+03","C - Manufacturing","","","no records","0.00E+00","0","Y","8.24E+05","1.00E-02","5.82E+06","1.42E-01","1.00E+00","1.00E+00","0.00E+00","FCR Portugal Ventures Internacionalizacao","","","","","","","","","","","","","","","","","","","",""
"MORNING HEROES S.A.","513603980","2015","2015","7.00E+05","7.00E+05","1.00E+00","1.27E+05","1.27E+05","2.85E+04","J - Information and communication","","","no records","0.00E+00","0","Y","2.19E+06","1.00E-02","1.27E+07","1.72E-01","3.00E+00","1.00E+00","2.00E+00","FCR Portugal Ventures Early Stage","Global Accelerator Year 3 B.V","Plopper B.V. ","","","","","","","","","","","","","","","","","",""
"MICE - MOLDS AND INJECTED COMPONENTS ENGINEERING, S.A.","510662790","2013","2015","5.00E+04","5.00E+04","1.00E+00","6.69E+04","7.70E+04","2.70E+04","M - Professional, scientific and technical activities","","","no records","0.00E+00","0","Y","2.70E+06","1.00E-02","7.70E+06","3.51E-01","1.00E+00","1.00E+00","0.00E+00","FCR Portugal Ventures ACTEC II","","","","","","","","","","","","","","","","","","","",""
"BLOOMERS, S.A.","510803601","2013","2015","4.50E+05","4.50E+05","1.00E+00","2.04E+05","2.09E+05","5.40E+04","M - Professional, scientific and technical activities","","","no records","0.00E+00","0","Y","2.40E+06","1.00E-02","2.09E+07","1.15E-01","1.00E+00","1.00E+00","0.00E+00","FCR Portugal Ventures Internacionalizacao","","","","","","","","","","","","","","","","","","","",""
"FASTINOV, S.A.","510740898","2013","2015","3.75E+05","3.00E+05","1.00E+00","8.78E+04","9.08E+04","3.28E+04","M - Professional, scientific and technical activities","","","no records","0.00E+00","0","Y","2.63E+06","1.00E-02","9.08E+06","2.90E-01","2.00E+00","1.00E+00","1.00E+00","Busy Angels","FCR Istart I","","","","","","","","","","","","","","","","","","",""
"PEEK HEALTH, S.A.","513369686","2015","2015","4.00E+05","4.00E+05","1.00E+00","5.10E+04","5.20E+04","8.84E+03","J - Information and communication","","","no records","0.00E+00","0","Y","8.71E+05","1.00E-02","5.20E+06","1.68E-01","2.00E+00","1.00E+00","1.00E+00","FCR Portugal Ventures Biocant","Skybusiness, S.A.","","","","","","","","","","","","","","","","","","",""
"SWORD HEALTH, S.A","510675565","2013","2014","8.00E+05","8.00E+05","3.00E+00","4.55E+04","5.26E+04","5.96E+03","C - Manufacturing","","","no records","0.00E+00","0","Y","1.86E+04","1.00E+00","5.26E+04","3.54E-01","3.00E+00","1.00E+00","2.00E+00","FCR Fast Change II","BrainCapital","New Ventures SGPS, SA","","","","","","","","","","","","","","","","","",""
"EXOGENUS THERAPEUTICS, S.A.","513553142","2015","2015","9.00E+05","2.50E+05","1.00E+00","5.90E+04","6.00E+04","","M - Professional, scientific and technical activities","","","no records","0.00E+00","0","Y","1.50E+04","1.00E+00","6.00E+04","2.50E-01","2.00E+00","2.00E+00","0.00E+00","Caixa Capital","FCR Fast Change II","","","","","","","","","","","","","","","","","","",""
"LUZITIN, S.A.","508853702","2009","2011","3.20E+05","3.20E+05","1.00E+00","0.00E+00","5.00E+04","0.00E+00","M - Professional, scientific and technical activities","","","no records","0.00E+00","0","N","0.00E+00","5.00E+00","1.00E+04","0.00E+00","1.00E+00","1.00E+00","0.00E+00","FCR Portugal Ventures Biocant","","","","","","","","","","","","","","","","","","","",""
"CHANGING EXPERIENCE, S.A.","510098371","2011","2013","1.39E+06","8.33E+05","2.00E+00","4.21E+04","5.00E+04","1.19E+04","J - Information and communication","","FUNDO DE CAPITAL DE RISCO EMPREENDER MAIS CAIXA CAPITAL","no records","0.00E+00","0","Y","7.27E+05","1.00E-02","5.00E+06","1.45E-01","6.00E+00","3.00E+00","3.00E+00","BGI SA","FCR Portugal Ventures ACTEC II","SMARTEQUITY SGPS, LDA","INTERCAPITAL INVESTIMENTOS E GESTAO DE ACTIVOS, S.A","FUNDO DE CAPITAL DE RISCO EMPREENDER MAIS CAIXA CAPITAL","FUNDO DE CAPITAL DE RISCO CAIXA TECH TRANSFER ACCELERATOR VENTURES","","","","","","","","","","","","","","",""
"CARDMOBILI DESENVOLVIMENTO DE SOFTWARE, S.A.","508559588","2008","2013","1.15E+06","1.15E+06","1.00E+00","2.50E+04","7.50E+04","2.50E+04","J - Information and communication","","","no records","0.00E+00","0","N","0.00E+00","1.00E+00","7.50E+04","0.00E+00","2.00E+00","1.00E+00","1.00E+00","Pathena","FCR Capital Criativo I","","","","","","","","","","","","","","","","","","",""
"FUNCTIONAL ENVIROMICS TECHNOLOGIES, S.A.","510238068","2012","2013","4.10E+05","4.10E+05","1.00E+00","1.03E+05","1.03E+05","3.03E+04","M - Professional, scientific and technical activities","","","no records","0.00E+00","0","Y","3.03E+06","1.00E-02","1.03E+07","2.95E-01","1.00E+00","1.00E+00","0.00E+00","FCR Portugal Ventures Universitas","","","","","","","","","","","","","","","","","","","",""
"ZARPH, S.A.","508949270","2009","2013","3.63E+05","3.63E+05","1.00E+00","7.85E+04","8.20E+04","5.50E+04","M - Professional, scientific and technical activities","","","no records","0.00E+00","0","Y","2.49E+06","1.00E-02","8.20E+06","3.04E-01","3.00E+00","1.00E+00","2.00E+00","FCR Portugal Ventures ACTEC II","Agro Consultores,Lda","Talent Minds,Lda","","","","","","","","","","","","","","","","","",""
"E.A.D. - EMPRESA DE ARQUIVO DE DOCUMENTACAO S.A.","507616944","2006","2014","2.00E+06","2.00E+06","1.00E+00","2.08E+05","1.16E+06","2.08E+05","N - Administrative and support service activities","","","no records","0.00E+00","0","N","0.00E+00","5.00E+00","2.32E+05","0.00E+00","1.00E+00","1.00E+00","0.00E+00","FCR Capital Criativo I","","","","","","","","","","","","","","","","","","","",""
"BALFLEX PORTUGAL - COMPONENTES HIDRAULICOS E INDUSTRIAIS S.A.","500772738","2010","2014","3.00E+06","3.00E+06","1.00E+00","2.01E+06","5.75E+06","","C - Manufacturing","","","no records","0.00E+00","0","N","0.00E+00","5.00E+00","1.15E+06","0.00E+00","1.00E+00","1.00E+00","0.00E+00","FCR Capital Criativo I","","","","","","","","","","","","","","","","","","","",""
"ZUVI NOVA, S.A.","508993970","2009","2011","4.02E+05","4.02E+05","3.00E+00","1.01E+05","1.65E+05","","J - Information and communication","","","no records","0.00E+00","0","N","0.00E+00","1.00E-02","1.65E+07","0.00E+00","4.00E+00","1.00E+00","3.00E+00","Portugal Ventures","Brains2Market","Busy Angels","PNV Capital","","","","","","","","","","","","","","","","",""
"FABER VENTURES, S.A.","510346812","2012","2013","1.04E+06","1.04E+06","5.00E+00","3.53E+06","4.89E+06","","J - Information and communication","","","no records","0.00E+00","0","Y","4.89E+06","1.00E+00","4.89E+06","1.00E+00","5.00E+00","0.00E+00","5.00E+00","Busy Angels","PNV Capital","Shilling Capital Partners, Lda","Tagus Innovation for Growth SGPS, SA","Sail Away, Lda","","","","","","","","","","","","","","","",""
"UNIVERSITYPLACES, SERVICOS DE INTERNET, LDA","509955061","2011","2012","2.00E+05","1.50E+05","1.00E+00","3.03E+03","8.34E+03","3.03E+03","J - Information and communication","","2013, share swap to UK LLC","no records","0.00E+00","0","N - LLC","0.00E+00","N - LLC","0.00E+00","0.00E+00","4.00E+00","0.00E+00","4.00E+00","UNIPLACES LIMITED","Shilling Capital Partners, Lda","Alex Chesterman","William Reeve","","","","","","","","","","","","","","","","",""
"UNIPLACES LIMITED","8674633","2013","2013","2.24E+07","0.00E+00","0.00E+00","2.39E+03","2.39E+03","","J - Information and communication","","","no records","0.00E+00","0","UK LLC","8.74E+06","UK LLC","0.00E+00","0.00E+00","7.00E+00","1.00E+00","6.00E+00","Caixa Capital","Shilling Capital","Atomico","Octopus Ventures","Alex Chesterman","William Reeve","Rob McClatchey","","","","","","","","","","","","","",""
"CHIC BY CHOICE, S.A.","510985530","2014","2014","2.00E+06","0.00E+00","0.00E+00","1.35E+05","1.35E+05","","G - Wholesale and retail trade, repair of motor vehicles and motorcycles","","","no records","0.00E+00","0","Y","4.50E+06","1.00E-02","1.35E+07","3.33E-01","3.00E+00","1.00E+00","2.00E+00","FABER VENTURES, S.A.","Portugal Ventures","Edge Group","","","","","","","","","","","","","","","","","",""
"ADVANCED CYCLONE SYSTEMS, S.A.","508482917","2008","2009","1.50E+06","0.00E+00","0.00E+00","3.33E+04","8.33E+04","3.33E+04","G - Wholesale and retail trade, repair of motor vehicles and motorcycles","","","no records","0.00E+00","0","Y","3.33E+04","1.00E+00","8.33E+04","4.00E-01","1.00E+00","1.00E+00","0.00E+00","ESV III","","","","","","","","","","","","","","","","","","","",""
"MOVVO, S.A.","508977754","2009","2011","7.38E+06","0.00E+00","0.00E+00","7.12E+04","8.62E+04","","J - Information and communication","","","no records","0.00E+00","0","Y","5.40E+04","1.00E+00","8.62E+04","6.27E-01","4.00E+00","1.00E+00","3.00E+00","FCR Empreender mais","SONAE IM","Dueto SGPS","BGI SA","","","","","","","","","","","","","","","","",""
"BICA STUDIOS, S.A.","510781845","2013","2015","3.00E+05","0.00E+00","0.00E+00","4.52E+05","4.58E+05","1.12E+05","J - Information and communication","","","no records","0.00E+00","0","Y","1.12E+07","1.00E-02","4.58E+07","2.44E-01","1.00E+00","1.00E+00","0.00E+00","Fundo de Capital de Risco Portugal Ventures Global 2","","","","","","","","","","","","","","","","","","","",""
"COREWORKS - PROJECTOS DE CIRCUITOS E SISTEMAS ELECTRONICOS, S.A.","505298503","2006","2006","","0.00E+00","0.00E+00","4.97E+04","5.00E+04","3.50E+04","C - Manufacturing","","","no records","0.00E+00","0","N","0.00E+00","1.00E-02","5.00E+06","0.00E+00","2.00E+00","1.00E+00","1.00E+00","ESV II","Inesc ID Instituto de Engenharia de Sistemas e Computadores, Investigacao e Desenvolvimento","","","","","","","","","","","","","","","","","","",""
"DOMATICA GLOBAL SOLUTIONS, S.A.","506131610","2005","2011","","0.00E+00","0.00E+00","9.13E+04","9.63E+04","","J - Information and communication","","","no records","0.00E+00","0","Y","4.54E+06","1.00E-02","9.63E+06","4.71E-01","1.00E+00","1.00E+00","0.00E+00","ESV III","","","","","","","","","","","","","","","","","","","",""
"BERD - PROJECTO, INVESTIGACAO E ENGENHARIA DE PONTES S.A.","507455509","2006","2006","1.02E+06","1.02E+06","1.00E+00","6.03E+06","7.61E+06","","M - Professional, scientific and technical activities","","","no records","0.00E+00","0","N","0.00E+00","1.00E+00","7.61E+06","0.00E+00","5.00E+00","3.00E+00","2.00E+00","FCR ES Ventures Inovacao & Internacionalizacao","Fundo de Capital de Risco AICEP Capital Global Grande Projectos de Investimento","Mota Engil, Engenharia e Construcao , S. A.","Universidade do Porto","Fundo de Capital de Risco AICEP Capital Global III","","","","","","","","","","","","","","","",""
"FLUIDINOVA, S.A.","507439384","2005","2005","1.16E+06","0.00E+00","0.00E+00","4.92E+05","5.00E+05","","M - Professional, scientific and technical activities","","","no records","0.00E+00","0","Y","3.00E+04","0.00E+00","5.00E+05","6.00E-02","2.00E+00","1.00E+00","1.00E+00","Fast Change","Universidade do Porto","","","","","","","","","","","","","","","","","","",""
"PROCESSWARE - SOLUCOES INFORMATICAS, S.A.","508799988","2009","2014","1.00E+06","0.00E+00","0.00E+00","7.48E+04","4.55E+05","6.97E+04","J - Information and communication","","","no records","0.00E+00","0","Y","7.48E+06","1.00E-02","4.55E+07","1.64E-01","2.00E+00","1.00E+00","1.00E+00","Fundo de Capital de Risco Portugal Ventures","Eggnest, SGPS, S.A.","","","","","","","","","","","","","","","","","","",""
"SOUSACAMP, SGPS S.A.","507955862","2007","2007","","0.00E+00","0.00E+00","9.05E+05","3.29E+06","7.85E+05","K - Financial and insurance activities","","","no records","0.00E+00","0","Y","1.29E+06","1.00E+00","3.29E+06","3.91E-01","1.00E+00","1.00E+00","0.00E+00","ESV II","","","","","","","","","","","","","","","","","","","",""
"YD YNVISIBLE, S.A.","509233023","2010","2013","","0.00E+00","0.00E+00","1.19E+06","2.62E+06","","M - Professional, scientific and technical activities","","","no records","0.00E+00","0","N","0.00E+00","1.00E-02","2.62E+08","0.00E+00","4.00E+00","1.00E+00","3.00E+00","ESV II","CUF Companhia Uniao Fabril, SGPS, S.A","Ydreams Informatica, S.A.","Leadership Business Technology, S.A.","","","","","","","","","","","","","","","","",""
"ALFAMA - INVESTIGACAO E DESENVOLVIMENTO DE PRODUTOS FARMACEUTICOS LDA","505979098","2013","2013","","0.00E+00","0.00E+00","1.00E+04","1.00E+04","5.80E+03","M - Professional, scientific and technical activities","DE & MA USA","Date of Involuntary Revocation, 06-30-2014","no records","0.00E+00","0","N - LLC","0.00E+00","N - LLC","0.00E+00","0.00E+00","2.00E+00","1.00E+00","1.00E+00","Portugal Ventures","Alfama Inc","","","","","","","","","","","","","","","","","","",""
"ASINUS ATLANTICUS, S.A.","510452817","2012","2014","8.50E+04","0.00E+00","0.00E+00","5.00E+04","5.00E+04","1.74E+04","G - Wholesale and retail trade, repair of motor vehicles and motorcycles","","","no records","0.00E+00","0","N - LLC","0.00E+00","N - LLC","0.00E+00","0.00E+00","1.00E+00","1.00E+00","0.00E+00","FCR FIAEA Fundo de Investimento de Apoio ao Empreendorismo dos Acores","","","","","","","","","","","","","","","","","","","",""
"BIOSURFIT S.A.","507503031","2006","2006","","0.00E+00","0.00E+00","7.90E+06","7.90E+06","3.26E+05","M - Professional, scientific and technical activities","","","no records","0.00E+00","0","Y","4.90E+06","1.00E+00","7.90E+06","6.20E-01","5.00E+00","5.00E+00","0.00E+00","FCR Minho Inovacao & Internacionalizacao","Fundo de Capital de Risco Para Investidores Qualificados Beta Early Stages","Fundo de Capital de Risco Portugal Ventures Valor.","FCR Empreender mais","Fundo de Capital de Risco para Investidores Qualificados PME Investimentos TIEC","","","","","","","","","","","","","","","",""
"BIOTREND - INOVACAO E ENGENHARIA EM BIOTECNOLOGIA S.A.","505041944","2005","2006","","0.00E+00","0.00E+00","1.90E+06","1.90E+06","","M - Professional, scientific and technical activities","","","no records","0.00E+00","0","N","0.00E+00","1.00E+00","1.90E+06","0.00E+00","1.00E+00","1.00E+00","0.00E+00","Portugal Ventures","","","","","","","","","","","","","","","","","","","",""
"CEV, S.A.","507798961","2006","2007","","0.00E+00","0.00E+00","9.25E+04","9.76E+04","4.76E+04","M - Professional, scientific and technical activities","","","no records","0.00E+00","0","Y","7.19E+05","1.00E-01","9.76E+05","7.37E-01","1.00E+00","1.00E+00","0.00E+00","Fast Change","","","","","","","","","","","","","","","","","","","",""
"CRITICAL LINKS S.A.","507610830","2006","2007","8.55E+06","0.00E+00","0.00E+00","1.41E+06","2.66E+06","","J - Information and communication","","","no records","0.00E+00","0","N","0.00E+00","5.00E+00","5.33E+05","0.00E+00","5.00E+00","4.00E+00","1.00E+00","Fast Change","Fundo ISQ Capital","Critical Ventures, SCR, SA","Portugal Ventures","Critical SGPS (holding)","","","","","","","","","","","","","","","",""
"CSIDE - SOLUCOES INTELIGENTES, S.A.","507997476","2008","2008","","0.00E+00","0.00E+00","9.25E+05","9.25E+05","","J - Information and communication","","","no records","0.00E+00","0","N","0.00E+00","1.00E+00","9.25E+05","0.00E+00","1.00E+00","1.00E+00","0.00E+00","Portugal Ventures","","","","","","","","","","","","","","","","","","","",""
"D-ORBIT PT, LDA","513017992","2014","2014","1.00E+05","0.00E+00","0.00E+00","5.00E+03","5.00E+03","1.00E+02","M - Professional, scientific and technical activities","D ORBIT S.R.L., Italy","","no records","0.00E+00","0","N - LLC","0.00E+00","N - LLC","0.00E+00","0.00E+00","2.00E+00","1.00E+00","1.00E+00","Caixa Capital","BGI SA","","","","","","","","","","","","","","","","","","",""
"DISPLAX, S.A.","505046857","2005","2008","","0.00E+00","0.00E+00","4.72E+04","9.72E+04","","J - Information and communication","","","no records","0.00E+00","0","N","0.00E+00","5.00E+00","1.94E+04","0.00E+00","1.00E+00","1.00E+00","0.00E+00","Portugal Ventures","","","","","","","","","","","","","","","","","","","",""
"ENEIDA, WIRELESS & SENSORS, S.A.","510097600","2012","2012","","0.00E+00","0.00E+00","5.63E+04","4.50E+05","","C - Manufacturing","","","no records","0.00E+00","0","N","0.00E+00","5.00E+00","9.00E+04","0.00E+00","1.00E+00","1.00E+00","0.00E+00","Portugal Ventures","","","","","","","","","","","","","","","","","","","",""
"EXAGO VENTURES, S.A.","508354684","2007","2010","","0.00E+00","0.00E+00","1.25E+04","6.25E+04","1.25E+04","M - Professional, scientific and technical activities","","","no records","0.00E+00","0","N","0.00E+00","1.00E-02","6.25E+06","0.00E+00","1.00E+00","0.00E+00","1.00E+00","Pathena","","","","","","","","","","","","","","","","","","","",""
"GENIBET BIOPHARMACEUTICALS S.A.","507710983","2006","2006","","0.00E+00","0.00E+00","5.00E+05","5.00E+05","","C - Manufacturing","","","no records","0.00E+00","0","N","0.00E+00","5.00E+00","1.00E+05","0.00E+00","1.00E+00","1.00E+00","0.00E+00","Portugal Ventures","","","","","","","","","","","","","","","","","","","",""
"GUESTCENTRIC SYSTEMS, S.A.","507844106","2006","2007","3.94E+06","0.00E+00","0.00E+00","9.88E+04","1.50E+05","","J - Information and communication","","","no records","0.00E+00","0","Y","8.23E+06","1.00E-02","1.50E+07","5.48E-01","4.00E+00","4.00E+00","0.00E+00","Portugal Ventures","Fast Change","Fundo ISQ Capital","FCR Empreender mais","","","","","","","","","","","","","","","","",""
"HOTTRADE - REPRESENTACOES, GESTAO E SERVICOS S.A.","505170205","2006","2006","","0.00E+00","0.00E+00","9.50E+04","1.00E+05","4.99E+04","L - Real estate activities","","","no records","0.00E+00","0","N - LLC","0.00E+00","N - LLC","0.00E+00","0.00E+00","2.00E+00","2.00E+00","0.00E+00","Fast Change","PME Capital Sociedade Portuguesa de Capital de Risco, S.A","","","","","","","","","","","","","","","","","","",""
"IMOBILEMAGIC - MOBILE EXPERIENCES, LDA","509412041","2010","2010","","0.00E+00","0.00E+00","5.00E+03","5.00E+03","1.75E+03","J - Information and communication","","","no records","0.00E+00","0","N - LLC","0.00E+00","N - LLC","0.00E+00","0.00E+00","2.00E+00","0.00E+00","2.00E+00","PATHENA, SGPS, SA","BLUE BUSINESS, SGPS, SA","","","","","","","","","","","","","","","","","","",""
"INDIE CAMPERS, S.A.","510579744","2013","2015","","0.00E+00","0.00E+00","4.69E+04","5.19E+04","1.07E+04","R - Arts, entertainment and recreation","","","no records","0.00E+00","0","Y","1.07E+06","1.00E-02","5.19E+06","2.06E-01","1.00E+00","1.00E+00","0.00E+00","Fundo de Sindicacao de Capital de Risco PME IAPMEI","","","","","","","","","","","","","","","","","","","",""
"MAGPOWER - SOLUCOES DE ENERGIA S.A.","508178045","2007","2011","7.00E+06","0.00E+00","0.00E+00","5.24E+04","1.05E+06","","C - Manufacturing","","","no records","0.00E+00","0","N","0.00E+00","5.00E+00","2.10E+05","0.00E+00","1.00E+00","1.00E+00","0.00E+00","ESV III","","","","","","","","","","","","","","","","","","","",""
"NONIUSSOFT, SOFTWARE E CONSULTORIA PARA TELECOMUNICACOES, S.A.","507297687","2007","2011","1.53E+06","0.00E+00","0.00E+00","2.40E+06","3.00E+06","","J - Information and communication","","Oxy Capital (MBO), 2015","no records","0.00E+00","0","N","0.00E+00","1.00E+00","3.00E+06","0.00E+00","4.00E+00","3.00E+00","1.00E+00","Beta Ciencias da Vida","FCR Empreender mais","IMPRESA","OXY CAPITAL MEZZANINE FUND","","","","","","","","","","","","","","","","",""
"NUTRIGREEN, S.A.","508025095","2007","2009","","0.00E+00","0.00E+00","6.25E+05","6.25E+05","","C - Manufacturing","","","no records","0.00E+00","0","N","0.00E+00","1.00E+00","6.25E+05","0.00E+00","1.00E+00","1.00E+00","0.00E+00","ESV III","","","","","","","","","","","","","","","","","","","",""
"OUTSYSTEMS - SOFTWARE EM REDE, S.A.","504995634","2001","2005","5.96E+07","0.00E+00","0.00E+00","1.40E+05","1.47E+06","","J - Information and communication","","","no records","0.00E+00","0","Y","8.26E+06","1.00E-01","1.47E+07","5.61E-01","4.00E+00","2.00E+00","2.00E+00","Portugal Ventures","ESV II","North Bridge Venture Partners & Growth Equity","PME Investimentos","","","","","","","","","","","","","","","","",""
"PLUX - WIRELESS BIOSIGNALS, S.A.","508041589","2013","2011","7.30E+05","0.00E+00","0.00E+00","2.69E+04","7.57E+04","2.00E+00","M - Professional, scientific and technical activities","","FCR Empreender mais","no records","0.00E+00","0","Y","4.83E+02","1.00E+01","7.57E+03","6.38E-02","2.00E+00","1.00E+00","1.00E+00","Fundo Capital de Risco Caixa Tech Transfer Accelerator Ventures","Intercapital Investimento e Gestao de Activos, S.A.","","","","","","","","","","","","","","","","","","",""
"SKAPHANDRUS, S.A. - EM LIQUIDACAO","510985637","2014","2014","3.50E+04","0.00E+00","0.00E+00","1.24E+05","1.24E+05","","J - Information and communication","","Dissolution, 20/09/2016","no records","0.00E+00","0","Y","1.86E+06","1.00E-02","1.24E+07","1.50E-01","1.00E+00","1.00E+00","0.00E+00","Portugal Ventures","","","","","","","","","","","","","","","","","","","",""
"STOPLINE FILMS - PRODUCAO DE AUDIOVISUAIS, LDA","506766128","2004","2004","","0.00E+00","0.00E+00","3.33E+04","3.33E+04","","J - Information and communication","","","no records","0.00E+00","0","N - LLC","0.00E+00","N - LLC","0.00E+00","0.00E+00","1.00E+00","1.00E+00","0.00E+00","Fast Change","","","","","","","","","","","","","","","","","","","",""
"WINDPLUS, S.A.","509149421","2009","2009","3.30E+07","0.00E+00","0.00E+00","2.89E+06","1.24E+06","","M - Professional, scientific and technical activities","PRINCIPLE POWER, INC., NV USA 2007","","no records","0.00E+00","0","N","0.00E+00","1.25E+02","9.88E+03","0.00E+00","8.00E+00","1.00E+00","7.00E+00","EDP Inovacao","ENERNOVA - Novas Energias S.A. ","Power Unipessoal LDA ","A. Silva Matos II - Investimentos, SA","PRINCIPLE POWER, INC., NV USA 2007","REPSOL","FAI Energias","EDP Ventures SGPS","","","","","","","","","","","","",""
"UNBABEL, LDA","510852254","2013","2014","","0.00E+00","0.00E+00","1.00E+02","1.00E+02","","J - Information and communication","UNBABEL, INC.2013, DELAWARE (USA)","","no records","0.00E+00","0","N - LLC","0.00E+00","N - LLC","0.00E+00","0.00E+00","1.00E+00","0.00E+00","1.00E+00","Funding Partners","","","","","","","","","","","","","","","","","","","",""
"UNBABEL, INC.","5439810","2013","2014","2.25E+06","0.00E+00","0.00E+00","","","","Foreign Company","","","no records","0.00E+00","0","US C-corp","0.00E+00","US C-corp","0.00E+00","0.00E+00","2.10E+01","1.00E+00","2.00E+01","Caixa Capital","Shilling Capital","Faber ventures","Adeyemi Ajao","Amino Capital","David Peterson","Digital Garage","Elad Gil","FundersClub","Kevin Rose","Klaus von Sayn-Wittgenstein","Matrix Partners","Raymond Tonsing","Rob Emrich","Roger Dickey","Ryan Petersen","Wefunder","Young Guo","Workday Ventures","Investo","Y Combinator"
"VENIAM, UNIPESSOAL LDA","510213650","2012","2014","","0.00E+00","0.00E+00","1.34E+06","1.50E+06","","J - Information and communication","VENIAM, INC., 7/20/2012, DE USA","","no records","0.00E+00","0","N - LLC","0.00E+00","N - LLC","0.00E+00","0.00E+00","1.00E+00","0.00E+00","1.00E+00","VENIAM, INC.","","","","","","","","","","","","","","","","","","","",""
"VENIAM, INC.","5186805","2012","2014","2.02E+07","0.00E+00","0.00E+00","","","","Foreign Company","","","no records","0.00E+00","0","US C-corp","0.00E+00","US C-corp","0.00E+00","0.00E+00","1.00E+01","1.00E+00","9.00E+00","Union Square Ventures","True Ventures","Cane Investments LLC","BGI SA","Verizon Ventures","Cisco Investments","Liberty Global Ventures","Orange Digital Ventures","Yamaha Motor Ventures","Caixa Capital","","","","","","","","","","",""
"YDREAMS - INFORMATICA, S.A.","504901575","2000","2006","8.50E+06","0.00E+00","0.00E+00","1.04E+06","1.54E+06","","J - Information and communication","","Reorganization of a debtor s business affairs and assets, 25/05/2015","no records","0.00E+00","0","N","0.00E+00","1.00E-02","1.54E+08","0.00E+00","2.00E+00","1.00E+00","1.00E+00","ESV II","Herrick Partners","","","","","","","","","","","","","","","","","","",""
"GLOBAL ACTIVE, GESTAO DE PARTICIPACOES SOCIAIS, SGPS S.A.","507300114","2005","2006","","0.00E+00","0.00E+00","2.54E+04","5.87E+04","","K - Financial and insurance activities","","","no records","0.00E+00","0","Y","5.25E+04","5.00E-01","1.17E+05","4.47E-01","1.00E+00","1.00E+00","0.00E+00","ESV II","","","","","","","","","","","","","","","","","","","",""
"ADFAMILIES PUBLICIDADE, S.A.","510401198","2012","2015","","0.00E+00","0.00E+00","1.65E+05","1.70E+05","3.22E+04","M - Professional, scientific and technical activities","","","no records","0.00E+00","0","Y","2.69E+06","1.00E-02","1.70E+07","1.59E-01","1.00E+00","1.00E+00","0.00E+00","Fundo de Capital de Risco Portugal Ventures Valor 2","","","","","","","","","","","","","","","","","","","",""
"BYCLOSURE, S.A.","508717400","2008","2015","","0.00E+00","0.00E+00","5.79E+04","6.30E+04","1.78E+04","J - Information and communication","","","no records","0.00E+00","0","Y","1.78E+06","1.00E-02","6.30E+06","2.82E-01","1.00E+00","1.00E+00","0.00E+00","Fundo de Capital de Risco Portugal Ventures Valor 2","","","","","","","","","","","","","","","","","","","",""
"BRIGHTWIZARD, S.A","510800467","2013","2015","7.50E+05","0.00E+00","0.00E+00","2.18E+04","7.18E+04","2.18E+04","J - Information and communication","","","no records","0.00E+00","0","Y","2.18E+06","1.00E-02","7.18E+06","3.04E-01","1.00E+00","1.00E+00","0.00E+00","Fundo de Capital de Risco Portugal Ventures Global 2","","","","","","","","","","","","","","","","","","","",""
"ALTURA PUBLISHING, S.A.","510253539","2012","2014","4.60E+05","0.00E+00","0.00E+00","2.78E+04","8.17E+04","2.02E+04","J - Information and communication","","","no records","0.00E+00","0","Y","2.50E+06","1.00E-02","8.17E+06","3.06E-01","3.00E+00","1.00E+00","2.00E+00","Fundo de Capital de Risco Portugal Ventures Valor 2","Faber Ventures, S.A.","Faber Investments,SGPS","","","","","","","","","","","","","","","","","",""
"BGUESTNOW, S.A.","513006036","2014","2015","2.03E+05","0.00E+00","0.00E+00","9.69E+03","5.00E+04","9.69E+03","J - Information and communication","","","no records","0.00E+00","0","Y","9.69E+05","1.00E-02","5.00E+06","1.94E-01","1.00E+00","1.00E+00","0.00E+00","Fundo de Capital de Risco Dinamizacao Turistica","","","","","","","","","","","","","","","","","","","",""
"EXCITING SPACE, S.A.","510291600","2012","2015","","0.00E+00","0.00E+00","1.69E+05","1.74E+05","6.54E+04","J - Information and communication","","","no records","0.00E+00","0","Y","6.54E+06","1.00E-02","1.74E+07","3.76E-01","1.00E+00","1.00E+00","0.00E+00","Fundo de Capital de Risco Dinamizacao Turistica","","","","","","","","","","","","","","","","","","","",""
"ALLIS UBBO INFORMATION SYSTEMS, LDA","509460348","2010","2015","2.00E+05","0.00E+00","0.00E+00","0.00E+00","5.00E+03","","J - Information and communication","","","no records","0.00E+00","0","N - LLC","0.00E+00","N - LLC","0.00E+00","0.00E+00","1.00E+00","1.00E+00","0.00E+00","Caixa Capital","","","","","","","","","","","","","","","","","","","",""
"CRIVO INVESTIGACAO APLICADA, S.A.","507945328","2007","2008","","0.00E+00","0.00E+00","2.00E+05","4.60E+05","","M - Professional, scientific and technical activities","","","no records","0.00E+00","0","N","0.00E+00","1.00E+00","4.60E+05","0.00E+00","1.00E+00","1.00E+00","0.00E+00","Beta Early Stages","","","","","","","","","","","","","","","","","","","",""
"SPHERAA - PRODUCAO DE ENERGIA, LDA","508383463","2008","2008","","0.00E+00","0.00E+00","3.93E+05","3.95E+05","","D - Electricity, gas, steam and air conditioning supply","","","no records","0.00E+00","0","N - LLC","0.00E+00","N - LLC","0.00E+00","0.00E+00","3.00E+00","1.00E+00","2.00E+00","LUSAGUA SERVICOS AMBIENTAIS, S.A.","Fundo ISQ Capital","INSTITUTO DE SOLDADURA E QUALIDADE","","","","","","","","","","","","","","","","","",""
"WIZI TO FIND, S.A.","507917880","2006","2006","","0.00E+00","0.00E+00","1.35E+05","1.20E+05","1.60E+04","J - Information and communication","","","no records","0.00E+00","0","Y","7.93E+06","1.00E-02","1.20E+07","6.63E-01","3.00E+00","1.00E+00","2.00E+00","Fundo ISQ Capital","Portugal Ventures","Beyond Newsgen Solucoes de Gestao e Personalizacao de Conteudos Lda","","","","","","","","","","","","","","","","","",""
"IBERMAROS-EQUIPAMENTOS INDUSTRIAIS, S.A.","502009578","2005","2005","","0.00E+00","0.00E+00","2.70E+05","3.05E+05","8.96E+04","C - Manufacturing","","","no records","0.00E+00","0","Y","6.37E+03","1.00E+00","3.05E+05","2.09E-02","1.00E+00","1.00E+00","0.00E+00","Fundo ISQ Capital","","","","","","","","","","","","","","","","","","","",""
"CRITICAL MANUFACTURING, S.A.","508904021","2009","2009","","0.00E+00","0.00E+00","4.96E+05","4.96E+05","","J - Information and communication","","","no records","0.00E+00","0","N","0.00E+00","5.00E+00","9.92E+04","0.00E+00","1.00E+00","1.00E+00","0.00E+00","Critical Ventures, SCR, SA","","","","","","","","","","","","","","","","","","","",""
"SMARTWATT - ENERGY SERVICES, S.A.","508367360","2008","2009","","0.00E+00","0.00E+00","4.90E+04","9.90E+04","","M - Professional, scientific and technical activities","","Merger","no records","0.00E+00","0","N","0.00E+00","1.00E+00","9.90E+04","0.00E+00","2.00E+00","1.00E+00","1.00E+00","INESC Porto Instituto de Engenharia de Sistemas e Computadores do Porto","CAIXA CAPITAL SOCIEDADE DE CAPITAL DE RISCO, S.A","","","","","","","","","","","","","","","","","","",""
"BIOMIMETX,S.A.","510877893","2013","2015","1.80E+06","0.00E+00","0.00E+00","5.33E+04","5.83E+04","3.33E+04","M - Professional, scientific and technical activities","","","no records","0.00E+00","0","Y","1.43E+04","1.00E+00","5.83E+04","2.45E-01","2.00E+00","1.00E+00","1.00E+00","Fundo Capital de Risco Caixa Tech Transfer Accelerator Ventures","Intercapital Investimento e Gestao de Activos, S.A.","","","","","","","","","","","","","","","","","","",""
"FOLLOWPRICE, S.A.","513350152","2015","2015","","0.00E+00","0.00E+00","2.40E+05","2.40E+05","","J - Information and communication","","","no records","0.00E+00","0","Y","6.72E+06","1.00E-02","2.40E+07","2.80E-01","2.00E+00","1.00E+00","1.00E+00","Portugal Ventures","Best Horizon SGPS, Unipessoal Lda.","","","","","","","","","","","","","","","","","","",""
